{
  "train": {
    "loss": 0.5661687191043582,
    "accuracy": 0.8,
    "f1": 0.4901960784313726,
    "precision": 0.5964912280701754,
    "recall": 0.47222222222222227
  },
  "test1": {
    "loss": 1.2179663181304932,
    "accuracy": 0.6140350877192983,
    "f1": 0.2536231884057971,
    "precision": 0.20833333333333334,
    "recall": 0.32407407407407407
  },
  "test2": {
    "loss": 0.5880051230390867,
    "accuracy": 0.77,
    "f1": 0.4134990253411306,
    "precision": 0.5069444444444445,
    "recall": 0.41222222222222227
  },
  "test3": {
    "loss": 1.2329147032329015,
    "accuracy": 0.6140350877192983,
    "f1": 0.2536231884057971,
    "precision": 0.20833333333333334,
    "recall": 0.32407407407407407
  }
}