{
  "train": {
    "loss": 0.4929157245372023,
    "accuracy": 0.86,
    "f1": 0.7579642579642579,
    "precision": 0.9450980392156864,
    "recall": 0.6793650793650793
  },
  "test1": {
    "loss": 1.6956870816648006,
    "accuracy": 0.6666666666666666,
    "f1": 0.37777777777777777,
    "precision": 0.47333333333333333,
    "recall": 0.38095238095238093
  },
  "test2": {
    "loss": 0.5735140475242034,
    "accuracy": 0.82,
    "f1": 0.6657290201593998,
    "precision": 0.8978288633461048,
    "recall": 0.6016543706684551
  },
  "test3": {
    "loss": 1.6949306245033557,
    "accuracy": 0.6666666666666666,
    "f1": 0.37777777777777777,
    "precision": 0.47333333333333333,
    "recall": 0.38095238095238093
  }
}