{
  "train": {
    "loss": 0.4274848295109613,
    "accuracy": 0.86,
    "f1": 0.7579642579642579,
    "precision": 0.9450980392156864,
    "recall": 0.6793650793650793
  },
  "test1": {
    "loss": 1.9940025806427002,
    "accuracy": 0.6666666666666666,
    "f1": 0.37650052818592145,
    "precision": 0.4226757369614513,
    "recall": 0.38095238095238093
  },
  "test2": {
    "loss": 0.6043024982015291,
    "accuracy": 0.83,
    "f1": 0.6949007337877603,
    "precision": 0.900947459086994,
    "recall": 0.625463894477979
  },
  "test3": {
    "loss": 2.0467125603130887,
    "accuracy": 0.6666666666666666,
    "f1": 0.42375478927203064,
    "precision": 0.44822695035460997,
    "recall": 0.42023809523809524
  }
}