{
  "target_domain": "test2",
  "best_metrics": {
    "loss": 0.8227075773477555,
    "accuracy": 0.78,
    "f1": 0.5399896800825593,
    "epoch": 55
  },
  "test_results": {
    "test1": {
      "loss": 0.7679223535876525,
      "accuracy": 0.7894736842105263,
      "f1": 0.6545454545454547
    },
    "test2": {
      "loss": 1.2535721648856997,
      "accuracy": 0.71,
      "f1": 0.27680311890838205
    },
    "test3": {
      "loss": 1.3335098963426917,
      "accuracy": 0.7017543859649122,
      "f1": 0.274914089347079
    }
  },
  "config": "CADTConfig(\n  target_domain=test2,\n  task_d_model=256,\n  cadt_kl_weight=1.0,\n  cadt_dis_weight=1.0,\n  pre_train_epochs=50,\n  epochs=100,\n  batch_size=3,\n  task_type=classification,\n  num_classes=3,\n)"
}