{
  "train": {
    "loss": 0.49534511300069944,
    "accuracy": 0.82,
    "f1": 0.5706930285243538,
    "precision": 0.9347826086956522,
    "recall": 0.5277777777777778
  },
  "test1": {
    "loss": 1.5564591810107231,
    "accuracy": 0.5614035087719298,
    "f1": 0.3273809523809524,
    "precision": 0.583136327817179,
    "recall": 0.34353034353034356
  },
  "test2": {
    "loss": 0.5345008646448454,
    "accuracy": 0.86,
    "f1": 0.7136176580621024,
    "precision": 0.9469696969696969,
    "recall": 0.6349206349206349
  },
  "test3": {
    "loss": 1.6741749218532018,
    "accuracy": 0.543859649122807,
    "f1": 0.3194444444444444,
    "precision": 0.5760441292356187,
    "recall": 0.3345213345213345
  }
}