{
  "test1": {
    "loss": 1.1149385611514717,
    "accuracy": 0.6164632237871674,
    "f1": 0.5106873557155556,
    "precision": 0.4431358116848426,
    "recall": 0.6164632237871674
  },
  "test2": {
    "loss": 0.6306761899998227,
    "accuracy": 0.7702011444425177,
    "f1": 0.6982796934690292,
    "precision": 0.680864345691461,
    "recall": 0.7702011444425177
  },
  "test3": {
    "loss": 1.1032952945660883,
    "accuracy": 0.6194195573933685,
    "f1": 0.5120271547630424,
    "precision": 0.44508977719376264,
    "recall": 0.6194195573933685
  }
}