{
  "train": {
    "loss": 0.5023980869778565,
    "accuracy": 0.84,
    "f1": 0.6384753457924189,
    "precision": 0.9407407407407407,
    "recall": 0.5793650793650794
  },
  "test1": {
    "loss": 1.6860037818551064,
    "accuracy": 0.543859649122807,
    "f1": 0.3197664608011879,
    "precision": 0.5768115942028986,
    "recall": 0.3345213345213345
  },
  "test2": {
    "loss": 0.539500005543232,
    "accuracy": 0.82,
    "f1": 0.6170692431561996,
    "precision": 0.7912457912457912,
    "recall": 0.5703560703560704
  },
  "test3": {
    "loss": 1.8249346273286002,
    "accuracy": 0.5614035087719298,
    "f1": 0.3638769328869759,
    "precision": 0.5814814814814815,
    "recall": 0.3601623601623602
  }
}